order_id,customer_id,order_date,status
1,27,2026-08-05,COMPLETED
2,96,2026-08-05,COMPLETED
3,10,2026-08-05,COMPLETED
4,16,2026-08-05,COMPLETED
5,21,2026-08-05,COMPLETED
6,63,2026-08-05,COMPLETED
7,34,2026-08-05,COMPLETED
8,72,2026-08-05,COMPLETED
9,71,2026-08-05,COMPLETED
10,61,2026-08-05,COMPLETED
11,51,2026-08-05,COMPLETED
12,40,2026-08-05,COMPLETED
13,62,2026-08-05,COMPLETED
14,25,2026-08-05,COMPLETED
15,32,2026-08-05,COMPLETED
16,85,2026-08-05,COMPLETED
17,63,2026-08-05,COMPLETED
18,64,2026-08-05,COMPLETED
19,5,2026-08-05,COMPLETED
20,101,2026-08-05,COMPLETED
