order_item_id,order_id,product_id,quantity,unit_price
1,1,43,1,2299.99
2,1,26,3,799.99
3,1,37,2,449.99
4,1,21,3,1299.99
5,2,21,2,1299.99
6,3,33,2,89.99
7,4,45,1,1899.99
8,5,18,2,429.99
9,5,23,1,999.99
10,6,12,3,999.99
11,6,32,1,119.99
12,6,6,2,1499.99
13,7,34,2,199.99
14,7,16,2,279.99
15,8,8,3,1699.99
16,8,49,3,199.99
17,8,45,1,1899.99
18,9,28,3,549.99
19,9,46,2,249.99
20,9,36,1,899.99
21,9,6,1,1499.99
22,9,34,1,199.99
23,10,20,3,149.99
24,10,23,3,999.99
25,10,6,1,1499.99
26,10,7,2,1799.99
27,11,21,1,1299.99
28,11,38,2,399.99
29,11,13,2,599.99
30,11,31,3,99.99
31,12,11,3,1299.99
32,12,41,1,2499.99
33,12,10,1,1399.99
34,13,47,1,229.99
35,14,32,3,119.99
36,14,20,1,149.99
37,15,19,1,349.99
38,15,8,3,1699.99
39,15,35,3,199.99
40,15,25,1,799.99
41,15,12,2,999.99
42,16,32,2,119.99
43,16,23,1,999.99
44,16,5,2,849.99
45,17,2,2,999.99
46,17,10,3,1399.99
47,17,49,2,199.99
48,18,44,1,1999.99
49,18,31,2,99.99
50,19,30,2,679.99
51,20,27,1,469.99
52,20,1,2,1099.99
53,20,20,3,149.99
