payment_id,order_id,payment_date,payment_method,amount,status
1,11,2026-08-05,Debit Card,3599.92,PAID
2,8,2026-08-05,Google Pay,7599.93,PENDING
3,19,2026-08-05,Apple Pay,1359.98,PAID
4,4,2026-08-05,Credit Card,1899.99,PAID
5,14,2026-08-05,Apple Pay,509.96,PAID
6,3,2026-08-05,Apple Pay,179.98,PAID
7,17,2026-08-05,Credit Card,6599.93,PAID
8,20,2026-08-05,Apple Pay,3119.94,PENDING
9,13,2026-08-05,Apple Pay,229.99,PAID
10,10,2026-08-05,Debit Card,8549.91,PAID
11,9,2026-08-05,Google Pay,4749.92,PAID
12,7,2026-08-05,Google Pay,959.96,PAID
13,1,2026-08-05,Credit Card,9499.91,PAID
14,5,2026-08-05,Apple Pay,1859.97,PENDING
15,18,2026-08-05,Credit Card,2199.97,PAID
16,2,2026-08-05,Apple Pay,2599.98,PAID
17,16,2026-08-05,PayPal,2939.95,PAID
18,15,2026-08-05,PayPal,8849.9,PAID
19,6,2026-08-05,Apple Pay,6119.94,PAID
20,12,2026-08-05,Debit Card,7799.95,PENDING
