shipment_id,order_id,shipment_date,carrier,tracking_number,status
1,1,2026-08-05,DHL,104609BF-4E1,PROCESSING
2,2,2026-08-05,Correos,2A5658AC-6E9,IN_TRANSIT
3,3,2026-08-05,FedEx,973E10F9-1A1,PROCESSING
4,4,2026-08-05,DHL,698B40A2-587,DELIVERED
5,5,2026-08-05,UPS,AD96187E-F21,DELIVERED
6,6,2026-08-05,UPS,F4F8EF33-71D,PROCESSING
7,7,2026-08-05,FedEx,7D2A3864-A02,DELIVERED
8,8,2026-08-05,UPS,4867BB93-DE7,PROCESSING
9,9,2026-08-05,UPS,5DE6694B-564,IN_TRANSIT
10,10,2026-08-05,Correos,070F40C1-DDD,DELIVERED
11,11,2026-08-05,DHL,3B8B44C3-8A3,IN_TRANSIT
12,12,2026-08-05,FedEx,2801172A-55D,PROCESSING
13,13,2026-08-05,Correos,F19AF0AA-59B,DELIVERED
14,14,2026-08-05,DHL,B11BE2E2-0A8,PROCESSING
15,15,2026-08-05,SEUR,79F3398A-616,DELIVERED
16,16,2026-08-05,Correos,46671323-22E,DELIVERED
17,17,2026-08-05,SEUR,58092EA0-793,DELIVERED
18,18,2026-08-05,FedEx,5D12E2A1-87E,DELIVERED
19,19,2026-08-05,SEUR,BCD5C88D-D08,DELIVERED
20,20,2026-08-05,Correos,7734148A-454,IN_TRANSIT
